condition,NAA_pred,Cho_pred,NAA_obs,Cho_obs,error_NAA_%
healthy,1.0860142397331662,0.22058823529411767,1.105,0.225,-1.718168349939705
acute_HIV,1.1518024601846177,0.24642989120885464,1.135,0.245,1.4803929678077294
chronic_HIV,1.0085411706559821,0.22704864927280188,1.005,0.235,0.35235528915246284
