{
  "config": {
    "hbar": 1.0,
    "m": 1.0,
    "L": 10.0,
    "R_inner": 7.0,
    "R_outer": 12.5,
    "N_r": 100,
    "N_z": 100,
    "dt": 0.01,
    "time_steps": 300,
    "frames_to_save": 50,
    "V_0": 5.0,
    "Gamma_0": 0.05,
    "alpha_c": 0.01,
    "D_c": 0.1,
    "kappa_c": 0.01,
    "hiv_phase": "none",
    "output_dir": "results",
    "figures_dir": "figures",
    "data_dir": "datafiles",
    "cmap_quantum": "quantum",
    "cmap_cytokine": "cytokine"
  },
  "timestamps": [
    0.0,
    0.01,
    0.06,
    0.12,
    0.18,
    0.24,
    0.3,
    0.36,
    0.42,
    0.48,
    0.54,
    0.6,
    0.66,
    0.72,
    0.78,
    0.84,
    0.9,
    0.96,
    1.02,
    1.08,
    1.1400000000000001,
    1.2,
    1.26,
    1.32,
    1.3800000000000001,
    1.44,
    1.5,
    1.56,
    1.62,
    1.68,
    1.74,
    1.8,
    1.86,
    1.92,
    1.98,
    2.04,
    2.1,
    2.16,
    2.22,
    2.2800000000000002,
    2.34,
    2.4,
    2.46,
    2.52,
    2.58,
    2.64,
    2.7,
    2.7600000000000002,
    2.82,
    2.88,
    2.94,
    3.0
  ],
  "variance_reg": [
    1.6448545369206053,
    1.7699257568085527,
    7.69459495599009,
    8.422785960065307,
    28.305859322950923,
    28.04787709253241,
    27.691491793598562,
    27.365136059181793,
    27.06683533154896,
    26.79086130579135,
    26.53303718074477,
    26.290334140307813,
    26.06048166036905,
    25.84172875775587,
    25.632694281103284,
    25.43226886276382,
    25.23954824803044,
    25.053786509427606,
    24.874362322680796,
    24.70075408722777,
    24.532521194333302,
    24.369289666532058,
    24.21074096809723,
    24.056603156944735,
    23.90664379304339,
    23.76066418351661,
    23.618494658301692,
    23.479990649920346,
    23.345029407685267,
    23.213507217705867,
    23.085337030113195,
    22.960446417197733,
    22.838775802828128,
    22.720276916117772,
    22.604911431893644,
    22.492649767866432,
    22.383470014051156,
    22.277356974349193,
    22.174301303574516,
    22.074298725812376,
    21.97734932200906,
    21.883456876234987,
    21.792628271243615,
    21.70487292484233,
    21.620202259265128,
    21.538629196238603,
    21.460167670808694,
    21.38483215727855,
    21.312637200832604,
    21.243596948614297,
    21.17772467421405,
    21.115032289734003
  ],
  "variance_fib": [
    2.5494246786955874,
    8.449544884066928,
    17.908836080788365,
    21.02997951514708,
    21.85155568319282,
    20.702400553227704,
    19.66961273237544,
    18.867938162872143,
    18.24243036780896,
    17.74510755951779,
    17.34185169016944,
    17.00876690327093,
    16.728942983607777,
    16.490219967929978,
    16.283704344226816,
    16.102784698786053,
    15.942471135392328,
    15.798945015428053,
    15.66924693262835,
    15.551056941515384,
    15.442537362530386,
    15.342218722886946,
    15.24891589458168,
    15.16166568168589,
    15.07967985149018,
    15.002309426393172,
    14.929017282402892,
    14.859356940750912,
    14.792956021876677,
    14.729503240171926,
    14.668738108566226,
    14.610442730928938,
    14.554435212014296,
    14.500564326080159,
    14.448705167943482,
    14.398755572162557,
    14.350633132933618,
    14.304272693189013,
    14.259624199169025,
    14.216650838488327,
    14.175327396934513,
    14.135638783013817,
    14.097578680395982,
    14.061148297488113,
    14.026355190815432,
    13.993212145018836,
    13.961736097332029,
    13.931947098551444,
    13.903867305899102,
    13.877520005913373,
    13.852928667677826,
    13.830116028394272
  ],
  "coherence_reg": [
    0.9511985777495907,
    0.9511985468377385,
    0.9511961401093921,
    0.9511971408933225,
    0.9512293726649564,
    0.9512293561506264,
    0.951229336444759,
    0.9512293136892018,
    0.9512292877047827,
    0.9512292583386238,
    0.9512292254668958,
    0.9512291889936825,
    0.9512291488497954,
    0.9512291049916229,
    0.9512290573999365,
    0.9512290060786233,
    0.9512289510533459,
    0.9512288923701485,
    0.9512288300940328,
    0.9512287643075148,
    0.951228695109195,
    0.9512286226123404,
    0.9512285469435019,
    0.9512284682411671,
    0.9512283866544619,
    0.9512283023418945,
    0.9512282154701551,
    0.9512281262129623,
    0.9512280347499644,
    0.9512279412656879,
    0.9512278459485413,
    0.9512277489898592,
    0.9512276505830051,
    0.9512275509225122,
    0.9512274502032751,
    0.9512273486197829,
    0.9512272463653997,
    0.9512271436316858,
    0.9512270406077602,
    0.9512269374797063,
    0.951226834430015,
    0.9512267316370671,
    0.951226629274651,
    0.9512265275115165,
    0.9512264265109597,
    0.9512263264304394,
    0.95122622742122,
    0.9512261296280392,
    0.9512260331887955,
    0.9512259382342596,
    0.9512258448877917,
    0.9512257532650781
  ],
  "coherence_fib": [
    0.9512294050938432,
    0.9512294040611262,
    0.9512293955177284,
    0.9512293834596206,
    0.9512293703329497,
    0.9512293554465515,
    0.9512293384785367,
    0.9512293193340252,
    0.9512292979319856,
    0.9512292742100495,
    0.9512292481247636,
    0.9512292196502615,
    0.9512291887769473,
    0.9512291555102715,
    0.9512291198695699,
    0.9512290818869352,
    0.9512290416061231,
    0.9512289990814867,
    0.9512289543769468,
    0.9512289075649979,
    0.9512288587257534,
    0.9512288079460347,
    0.9512287553184997,
    0.9512287009408147,
    0.9512286449148696,
    0.9512285873460351,
    0.9512285283424585,
    0.9512284680144033,
    0.9512284064736246,
    0.9512283438327854,
    0.9512282802049091,
    0.95122821570287,
    0.9512281504389162,
    0.9512280845242331,
    0.9512280180685372,
    0.9512279511797032,
    0.9512278839634256,
    0.9512278165229061,
    0.9512277489585753,
    0.9512276813678371,
    0.9512276138448388,
    0.9512275464802645,
    0.9512274793611469,
    0.951227412570696,
    0.951227346188142,
    0.9512272802885904,
    0.9512272149428836,
    0.9512271502174701,
    0.9512270861742779,
    0.9512270228705871,
    0.9512269603589067,
    0.9512268986868485
  ],