Study,Group,Region,n,NAA_mean,NAA_sd,Cho_mean,Cho_sd,Days,CD4_mean,VL_log10_mean
Valcour_2015,Acute_Baseline,FGM,44,8.670454545454547,1.2338922619762656,2.0121136363636363,0.25080838752239853,17.5,436.51612903225805,5.5278715362500215
Valcour_2015,Acute_Baseline,FWM,44,11.88290909090909,1.3348085276536215,2.903931818181818,0.3921610607501851,17.5,436.51612903225805,5.5278715362500215
Valcour_2015,Acute_Baseline,BG,44,10.40806818181818,1.468828981412907,2.4032272727272725,0.3249339728018003,17.5,436.51612903225805,5.5278715362500215
Valcour_2015,Acute_Baseline,PGM,44,14.511795454545455,1.4157905438887863,1.7482499999999996,0.2827138519652393,17.5,436.51612903225805,5.5278715362500215
Valcour_2015,Control,FGM,28,9.513642857142857,1.1207887174692424,2.115071428571429,0.31398123659100546,0.0,,
Valcour_2015,Control,FWM,28,11.609142857142858,1.0065599911942735,2.9305714285714286,0.31399592219237366,0.0,,
Valcour_2015,Control,BG,27,9.54896296296296,1.3389403813199992,2.182888888888889,0.2635661256005835,0.0,,
Valcour_2015,Control,PGM,28,15.02317857142857,1.3544687370049593,1.5590357142857143,0.19395159421739977,0.0,,
