,BG,FWM,PGM,FGM
BG,0.0,0.7774166666666666,0.8775833333333334,0.9279166666666666
FWM,0.22258333333333333,0.0,0.7203333333333334,0.834
PGM,0.12241666666666666,0.2796666666666667,0.0,0.71575
FGM,0.07208333333333333,0.166,0.28425,0.0
