Region,Full_Name,Age_MY,xi_acute_mean,xi_acute_median,xi_acute_sd,xi_acute_hdi_low,xi_acute_hdi_high,xi_healthy_mean,protection_factor_mean,protection_factor_median,NAA_ctrl_obs,NAA_acute_obs,NAA_change_obs_pct,NAA_pred_mean,NAA_pred_hdi_low,NAA_pred_hdi_high,NAA_change_pred_pct,NAA_error_pct,Cho_error_pct
BG,Basal Ganglia,500,0.5014351894240301,0.506420967140932,0.07111292994675161,0.3535311195004895,0.6406851855879168,0.6410342576110097,1.1282136094912065,1.112576914437736,9.55,10.41,9.005235602094235,10.395910359140352,8.69612797922986,12.02767358984246,8.857700095710477,-0.13534717444427233,-5.4424363488223095
FWM,Frontal White Matter,200,0.5534070242968877,0.5551640519817189,0.07239606428513554,0.40692598942232566,0.7006107646984222,0.6348122808724566,1.1028188925782845,1.0877215533413214,11.61,11.88,2.325581395348849,11.880642223715695,10.115465183698555,13.646665486311031,2.331113038033537,0.005405923532763574,5.176967351325768
PGM,Posterior Gray Matter,400,0.5895064948406249,0.5916790349841866,0.0731909933900325,0.4412626434159288,0.7391637895409302,0.6243269936278362,1.0868861479356544,1.071153181222991,15.02,14.51,-3.3954727030625818,14.815748181773918,12.972623587715997,16.647685684310208,-1.3598656339952182,2.1071549398615987,-7.202223247703998
FGM,Frontal Gray Matter,50,0.6319655270023643,0.627386101784331,0.08237063746621492,0.4744328147626573,0.80550059420006,0.6405357437292496,1.0704649817138443,1.0530415202179708,9.51,8.67,-8.832807570977916,9.034401755705014,7.559215404633147,10.377622807093,-5.00103306303876,4.203019096943644,9.797088834997517
