{
  "parameters": {
    "grid_size": 200,
    "n_frames": 60,
    "domain_size": 10.0,
    "dx": 0.05,
    "dt": 0.05,
    "n_terms": 30
  },
  "variance_fib": [
    0.0108160656694341,
    0.0029402306401436623,
    0.00128034790948955,
    0.0006823515319800708,
    0.00040248045575714533,
    0.0002496636513255476,
    0.00015780750264230285,
    0.00010037455467892231,
    6.522358329920227e-05,
    4.651590722797666e-05,
    3.964349187299985e-05,
    3.466729271132409e-05,
    3.5675488275220345e-05,
    4.878354921406462e-05,
    6.548092153045849e-05,
    9.674141586080144e-05,
    6.945048125469318e-05,
    6.242507996495306e-05,
    9.206999195445211e-05,
    0.00019445461259935635,
    0.00017121203741393917,
    3.581909971666083e-05,
    0.00018558902895699438,
    9.342798550955164e-05,
    8.274493773965312e-05,
    0.00010423936009846273,
    0.00013126615532066,
    3.705584795873195e-05,
    0.0005486341120949188,
    3.957959514675019e-05,
    6.0002087691673454e-05,
    0.0005815854112670194,
    3.5329859167983056e-05,
    3.4928215468356375e-05,
    0.00042947138082968735,
    0.0001805684698653664,
    4.454211010566321e-05,
    3.850856129816968e-05,
    0.00015274102624371677,
    0.0008788566894818737,
    4.4461327590355375e-05,
    6.781289830818036e-05,
    4.347731100262308e-05,
    4.08355956065974e-05,
    0.0005717148388174947,
    0.0004919389000511174,
    3.955017486502668e-05,
    5.6384094151387086e-05,
    0.0003707476591222255,
    6.511271983834964e-05,
    4.6011574080735115e-05,
    0.0001764253735065123,
    0.002072324613274736,
    0.00023225163263342546,
    3.5623364586249436e-05,
    0.00013306614626485948,
    4.159248948836227e-05,
    0.0005036788620330634,
    3.8844947497911716e-05,
    9.636162286060127e-05
  ],
  "variance_uniform": [
    0.010813180732076842,
    0.0029405588427159606,
    0.0012808936635369137,
    0.0006828199344818883,
    0.00040286189181283687,
    0.0002499765759313293,
    0.00015806440499517533,
    0.00010059108280521901,
    6.538392999441047e-05,
    4.6613078512162506e-05,
    3.9689037549163796e-05,
    3.467186647838768e-05,
    3.5686757486983095e-05,
    4.8599802084597064e-05,
    6.565676335993574e-05,
    9.647784101384959e-05,
    6.90178218357243e-05,
    6.199320891384765e-05,
    9.145908323740684e-05,
    0.00019405467455566155,
    0.00017197569919678269,
    3.5917152339268745e-05,
    0.00018454534301415814,
    9.416199812104795e-05,
    8.177588762352524e-05,
    0.00010513450656200483,
    0.00013004766515544572,
    3.727547799704935e-05,
    0.0005488334626862273,
    3.9258816563335885e-05,
    6.0698749436163824e-05,
    0.0005810156713232289,
    3.492181998109245e-05,
    3.499627319995203e-05,
    0.0004322951042498314,
    0.00017909202856751042,
    4.432889776554368e-05,
    3.834234722731876e-05,
    0.00015438279743207217,
    0.0008783980908900809,
    4.353013048566821e-05,
    6.809416756401093e-05,
    4.272628453979268e-05,
    4.1363723452172596e-05,
    0.0005765831996966288,
    0.0004900288571099783,
    3.8665035069494594e-05,
    5.595111842615699e-05,
    0.000372557762402045,
    6.48195147059624e-05,
    4.629347079200016e-05,
    0.00017875564583544137,
    0.0020833749081027577,
    0.00023105219137955344,
    3.477788526737156e-05,
    0.00013385047112932558,
    4.174627304158776e-05,
    0.0005049865416342404,
    3.8253076013741025e-05,
    9.524030867898414e-05
  ],
  "variance_ratio": [
    0.9997332729436536,
    1.0001116247711377,
    1.000426254491704,
    1.0006864533599835,
    1.0009477132373397,
    1.0012533847202838,
    1.001627947648692,
    1.0021572013643232,
    1.002458415914879,
    1.0020889904115942,
    1.0011488815442862,
    1.0001319332057934,
    1.0003158810799115,
    0.9962334202322741,
    1.0026853902689115,
    0.9972754704424515,
    0.9937702459197914,
    0.9930817701579577,
    0.9933647358484892,
    0.9979432833279259,
    1.004460327640382,
    1.0027374396169513,
    0.9943763596980827,
    1.0078564533687957,
    0.9882887081361174,
    1.0085874132640162,
    0.9907174079850383,
    1.0059270007412056,
    1.0003633579956361,
    0.9918953546082282,
    1.011610625084751,
    0.9990203675457587,
    0.9884505855245418,
    1.001948502970537,
    1.0065748814616913,
    0.9918233714947198,
    0.9952132411416131,
    0.9956837112255654,
    1.0107487243521316,
    0.999478187288916,
    0.9790560211501834,
    1.0041477250323725,
    0.9827260139711702,
    1.0129330266335057,
    1.008515365613395,
    0.9961173167217703,
    0.9776198259918493,
    0.9923209598070762,
    1.0048823053505047,
    0.995496960761044,
    1.0061266478467006,
    1.0132082607088433,
    1.005332318478117,
    0.9948355960288763,
    0.9762661576552981,
    1.005894247984795,
    1.003697387560043,
    1.0025962566622284,
    0.9847632311975062,
    0.9883634776134972
  ],
  "improvement_percent": [
    -0.026679821864991248,
    0.011161231243894136,
    0.04260728762267911,
    0.06859824650154454,
    0.09468159273519614,
    0.12518157135958677,
    0.16253017425417424,
    0.21525578635630438,
    0.24523869278262464,
    0.2084635627756093,
    0.11475631301849527,
    0.013191580171889301,
    0.031578133056386175,
    -0.37808205298389497,
    0.2678198261362246,
    -0.27319728984608654,
    -0.6268807207487505,
    -0.6966425172563455,
    -0.6679584962157186,
    -0.20609554735569208,
    0.44405214597772497,
    0.2729966498505324,
    -0.5655444487462229,
    0.7795210659747495,
    -1.1850071509943514,
    0.8514297472963075,
    -0.9369565872311717,
    0.589207838823118,
    0.036322601455961084,
    -0.8170867374384414,
    1.1477365694709087,
    -0.09805930750420133,
    -1.168436201525367,
    0.1944713690135083,
    0.653193476489653,
    -0.824403693266242,
    -0.48097821255834183,
    -0.43349998857787153,
    1.0634417925208082,
    -0.052208514174721804,
    -2.1392012711603363,
    0.41305924705837144,
    -1.7577621619098205,
    1.2767899054973908,
    0.8443466409870395,
    -0.389781726815837,
    -2.289251241958479,
    -0.7738464170319095,
    0.48585842585831107,
    -0.45234083241333994,
    0.6089340601218342,
    1.303607680774603,
    0.5304035670701587,
    -0.5191213494710727,
    -2.431083179376359,
    0.585970940444644,
    0.3683767244857862,
    0.2589533568449254,
    -1.5472520012719577,
    -1.1773525276956183
  ],
  "time_points": [
    0.0,
    0.05,
    0.1,
    0.15000000000000002,
    0.2,
    0.25,
    0.30000000000000004,
    0.35000000000000003,
    0.4,
    0.45,
    0.5,
    0.55,
    0.6000000000000001,
    0.65,
    0.7000000000000001,
    0.75,
    0.8,
    0.8500000000000001,
    0.9,
    0.9500000000000001,
    1.0,
    1.05,
    1.1,
    1.1500000000000001,
    1.2000000000000002,
    1.25,
    1.3,
    1.35,
    1.4000000000000001,
    1.4500000000000002,
    1.5,
    1.55,
    1.6,
    1.6500000000000001,
    1.7000000000000002,
    1.75,
    1.8,
    1.85,
    1.9000000000000001,
    1.9500000000000002,
    2.0,
    2.0500000000000003,
    2.1,
    2.15,
    2.2,
    2.25,
    2.3000000000000003,
    2.35,
    2.4000000000000004,
    2.45,
    2.5,
    2.5500000000000003,
    2.6,
    2.6500000000000004,
    2.7,
    2.75,
    2.8000000000000003,
    2.85,
    2.9000000000000004,
    2.95
  ],
  "fibonacci_sequence": [
    0,
    1,
    1,
    2,
    3,
    5,
    8,
    13,
    21,
    34,
    55,
    89,
    144,
    233,
    377,
    610,
    987,
    1597,
    2584,
    4181,
    6765,
    10946,
    17711,
    28657,
    46368,
    75025,
    121393,
    196418,
    317811,
    514229
  ],