{
  "config": {
    "hbar": 1.0,
    "m": 1.0,
    "L": 10.0,
    "R_inner": 7.0,
    "R_outer": 12.5,
    "N_r": 100,
    "N_z": 100,
    "dt": 0.01,
    "time_steps": 300,
    "frames_to_save": 50,
    "V_0": 5.0,
    "Gamma_0": 0.05,
    "alpha_c": 0.5,
    "D_c": 0.1,
    "kappa_c": 0.01,
    "hiv_phase": "chronic",
    "output_dir": "results",
    "figures_dir": "figures",
    "data_dir": "datafiles",
    "cmap_quantum": "quantum",
    "cmap_cytokine": "cytokine"
  },
  "timestamps": [
    0.0,
    0.01,
    0.06,
    0.12,
    0.18,
    0.24,
    0.3,
    0.36,
    0.42,
    0.48,
    0.54,
    0.6,
    0.66,
    0.72,
    0.78,
    0.84,
    0.9,
    0.96,
    1.02,
    1.08,
    1.1400000000000001,
    1.2,
    1.26,
    1.32,
    1.3800000000000001,
    1.44,
    1.5,
    1.56,
    1.62,
    1.68,
    1.74,
    1.8,
    1.86,
    1.92,
    1.98,
    2.04,
    2.1,
    2.16,
    2.22,
    2.2800000000000002,
    2.34,
    2.4,
    2.46,
    2.52,
    2.58,
    2.64,
    2.7,
    2.7600000000000002,
    2.82,
    2.88,
    2.94,
    3.0
  ],
  "variance_reg": [
    1.6448545369206053,
    1.769930957116818,
    7.673095521580297,
    11.011067576823441,
    17.05015199166312,
    17.014545240989257,
    16.927270004366356,
    16.861057303127183,
    16.81169264693262,
    16.774324973034584,
    16.745459526589933,
    16.722451720285893,
    16.703297797020426,
    16.686529201885527,
    16.67111868787297,
    16.65638688763939,
    16.641916371964495,
    16.627479096369388,
    16.612979105941264,
    16.59840955142026,
    16.58382176069236,
    16.569303793954628,
    16.554966104752435,
    16.540932324581163,
    16.52733362011913,
    16.514305462779753,
    16.501985972611674,
    16.49051524966704,
    16.480035293633915,
    16.470690248215494,
    16.46262680195686,
    16.455994642079776,
    16.450946900623165,
    16.447640559190557,
    16.446236794652567,
    16.44690125671184,
    16.4498042717566,
    16.455120967588734,
    16.46303131153359,
    16.47372005084065,
    16.487376539613066,
    16.50419443102257,
    16.52437120742453,
    16.548107514284048,
    16.5756062566411,
    16.607071409298257,
    16.642706484191745,
    16.68271259080324,
    16.727286018439752,
    16.77661526341381,
    16.830877420526704,
    16.89023385804066
  ],
  "variance_fib": [
    2.5494246786955874,
    8.492381608048339,
    17.91962181251786,
    21.054915192782772,
    21.866701622885095,
    20.724437499346692,
    19.70286260113804,
    18.91303999535487,
    18.29937649081464,
    17.813640554284802,
    17.42157618305283,
    17.09920633898617,
    16.82957464949478,
    16.600498278189335,
    16.40307690316593,
    16.230703573434695,
    16.07840079125657,
    15.942367850606436,
    15.819667041083632,
    15.708002543127163,
    15.605562207965065,
    15.510902691109525,
    15.422864936630628,
    15.340511218192324,
    15.263077698323873,
    15.189938299429514,
    15.120576916419406,
    15.054565847222632,
    14.991548904712298,
    14.931228086263719,
    14.873352970654754,
    14.817712223074517,
    14.764126742378412,
    14.712444097271696,
    14.66253398144396,
    14.614284479916309,
    14.567598985711232,
    14.522393641476501,
    14.478595207807695,
    14.436139280836557,
    14.394968797730868,
    14.355032781228358,
    14.316285284047046,
    14.27868450161547,
    14.242192027523135,
    14.206772230771408,
    14.172391737583215,
    14.139019003424007,
    14.106623963160786,
    14.075177749073966,
    14.044652467840468,
    14.015021028709297
  ],
  "coherence_reg": [
    0.9277435158067585,
    0.9277458402783128,
    0.9277574279827021,
    0.9284610241809875,
    0.9295279287135776,
    0.9296051102097219,
    0.9296945207145619,
    0.929785631938504,
    0.9298757560207017,
    0.9299636631957179,
    0.9300484927396374,
    0.9301295895429142,
    0.9302065155787919,
    0.9302790510407859,
    0.9303471641225274,
    0.9304109653837123,
    0.9304706617162077,
    0.9305265175983618,
    0.9305788258560378,
    0.93062788731101,
    0.9306739976223897,
    0.9307174394719049,
    0.9307584784799253,
    0.9307973615890388,
    0.9308343169902553,
    0.930869554947527,
    0.9309032690907214,
    0.9309356379024563,
    0.9309668262320233,
    0.9309969867418179,
    0.9310262612381975,
    0.9310547818674415,
    0.9310826721741963,
    0.9311100480287269,
    0.9311370184332556,
    0.9311636862186496,
    0.9311901486419684,
    0.9312164978936972,
    0.9312428215213899,
    0.9312692027741681,
    0.9312957208702491,
    0.9313224511874857,
    0.9313494653747826,
    0.9313768313802666,
    0.9314046133902176,
    0.9314328716710335,
    0.9314616623049737,
    0.9314910368091578,
    0.9315210416264154,
    0.9315517174762877,
    0.9315830985549393,
    0.9316152115743295
  ],
  "coherence_fib": [
    0.9378427635617351,
    0.9378322773783974,
    0.937583363648188,
    0.9373378919457613,
    0.9371342062975778,
    0.9369344827972161,
    0.9367477104101011,
    0.9365730955883113,
    0.9364090161443148,
    0.9362543149310721,
    0.9361081493219352,
    0.9359698550351758,
    0.9358388721254464,
    0.9357147065638058,
    0.935596910426096,
    0.9354850716259487,
    0.9353788084454175,
    0.9352777664035695,
    0.9351816162119632,
    0.935090052200382,
    0.93500279092467,
    0.9349195698345839,
    0.9348401459601894,
    0.9347642946118098,
    0.9346918081028062,
    0.9346224945080543,
    0.9345561764699448,
    0.9344926900608949,
    0.9344318837083523,
    0.9343736171854661,
    0.9343177606684229,
    0.9342641938597634,
    0.9342128051758042,
    0.9341634909955165,
    0.9341161549677333,
    0.9340707073732959,
    0.9340270645386964,
    0.9339851482977825,
    0.9339448854982206,
    0.9339062075495734,
    0.9338690500100169,
    0.9338333522089416,
    0.9337990569028597,
    0.9337661099622402,
    0.9337344600870627,
    0.9337040585490434,
    0.9336748589586421,
    0.9336468170550706,
    0.9336198905176549,
    0.9335940387969947,
    0.9335692229644486,
    0.9335454055785642
  ],