{
  "config": {
    "hbar": 1.0,
    "m": 1.0,
    "L": 10.0,
    "R_inner": 7.0,
    "R_outer": 12.5,
    "N_r": 100,
    "N_z": 100,
    "dt": 0.01,
    "time_steps": 300,
    "frames_to_save": 50,
    "V_0": 3.0,
    "Gamma_0": 0.05,
    "alpha_c": 0.3,
    "D_c": 0.1,
    "kappa_c": 0.01,
    "hiv_phase": "acute",
    "output_dir": "results",
    "figures_dir": "figures",
    "data_dir": "datafiles",
    "cmap_quantum": "quantum",
    "cmap_cytokine": "cytokine"
  },
  "timestamps": [
    0.0,
    0.01,
    0.06,
    0.12,
    0.18,
    0.24,
    0.3,
    0.36,
    0.42,
    0.48,
    0.54,
    0.6,
    0.66,
    0.72,
    0.78,
    0.84,
    0.9,
    0.96,
    1.02,
    1.08,
    1.1400000000000001,
    1.2,
    1.26,
    1.32,
    1.3800000000000001,
    1.44,
    1.5,
    1.56,
    1.62,
    1.68,
    1.74,
    1.8,
    1.86,
    1.92,
    1.98,
    2.04,
    2.1,
    2.16,
    2.22,
    2.2800000000000002,
    2.34,
    2.4,
    2.46,
    2.52,
    2.58,
    2.64,
    2.7,
    2.7600000000000002,
    2.82,
    2.88,
    2.94,
    3.0
  ],
  "variance_reg": [
    1.6448545369206053,
    1.76991916790143,
    7.688300750653388,
    8.445694170754686,
    28.4036333594444,
    28.134597096014808,
    27.766749559567746,
    27.42792008480117,
    27.11668818165191,
    26.8277114971136,
    26.557063938635753,
    26.301881416684814,
    26.059998512541036,
    25.82972465912099,
    25.609703693619466,
    25.398822006580765,
    25.196146323219057,
    25.000880358650377,
    24.81233395470963,
    24.629900740595833,
    24.45304177608972,
    24.281273491183452,
    24.11415876910845,
    23.95130036196731,
    23.79233605387132,
    23.63693513928077,
    23.484795890435063,
    23.335643763557297,
    23.189230149112785,
    23.045331513294812,
    22.90374881029814,
    22.76430707055444,
    22.626855090740527,
    22.49126516821921,
    22.35743283643599,
    22.225276569225237,
    22.094737431368344,
    21.965778660390967,
    21.838385170718272,
    21.712562976122676,
    21.588338530071134,
    21.46575798626401,
    21.3448863835016,
    21.22580676015079,
    21.108619204039634,
    20.993439843695157,
    20.880399786566265,
    20.76964400933008,
    20.661330204654725,
    20.55562758795414,
    20.452715666790912,
    20.352782974714735
  ],
  "variance_fib": [
    2.5494246786955874,
    8.450253859073594,
    17.911595802531743,
    21.043701136463973,
    21.8729510388016,
    20.731744055203478,
    19.705030069049965,
    18.90856820417819,
    18.288454828685197,
    17.797364870713437,
    17.401534985701517,
    17.077214819971193,
    16.80749797361212,
    16.580133422057678,
    16.386074151426634,
    16.21851555749906,
    16.07225110374064,
    15.94323388167767,
    15.82827336422406,
    15.724822276583824,
    15.630824503948745,
    15.544604987172963,
    15.464788925005822,
    15.39024170299918,
    15.320023653487107,
    15.253355536453848,
    15.189591837935925,
    15.128199811340492,
    15.068742764947475,
    15.010866507756152,
    14.95428815909575,
    14.898786740278684,
    14.844195122601793,
    14.79039302117562,
    14.737300809383623,
    14.684873991944599,
    14.633098221074263,
    14.58198477413332,
    14.531566435413865,
    14.48189374165014,
    14.433031562235156,
    14.385055992396488,
    14.3380515418599,
    14.292108603703177,
    14.247321188880633,
    14.203784911826158,
    14.1615952120328,
    14.120845795858296,
    14.081627282226336,
    14.044026035515937,
    14.008123168829393,
    13.97399370103443
  ],
  "coherence_reg": [
    0.9454183944523035,
    0.9454053789408028,
    0.9449794112390824,
    0.9451170246367805,
    0.9491062938205583,
    0.9490347317235749,
    0.9489747601320428,
    0.9489209363815962,
    0.948871786769295,
    0.9488264623171532,
    0.9487843820085866,
    0.9487451252090553,
    0.9487083757915792,
    0.9486738889236168,
    0.9486414700752434,
    0.9486109611449806,
    0.9485822309546897,
    0.9485551685434368,
    0.9485296783204865,
    0.9485056764921855,
    0.9484830883856746,
    0.9484618464190407,
    0.9484418885470717,
    0.9484231570631594,
    0.9484055976718839,
    0.9483891587698831,
    0.9483737908885419,
    0.9483594462633527,
    0.9483460785029055,
    0.9483336423364712,
    0.9483220934236374,
    0.948311388212861,
    0.9483014838384893,
    0.9482923380478742,
    0.9482839091518969,
    0.9482761559935587,
    0.948269037930396,
    0.9482625148273696,
    0.9482565470576171,
    0.9482510955090481,
    0.9482461215952622,
    0.9482415872696507,
    0.9482374550418732,
    0.9482336879961533,
    0.9482302498110242,
    0.9482271047803262,
    0.948224217835368,
    0.9482215545682414,
    0.9482190812563606,
    0.9482167648883221,
    0.9482145731912183,
    0.9482124746595509
  ],
  "coherence_fib": [
    0.9509796488963808,
    0.9507651171130995,
    0.9499984676426384,
    0.9496457394554304,
    0.9494200594700181,
    0.949251667834076,
    0.9491138614840524,
    0.9489957462655169,
    0.9488917162932641,
    0.9487984421110289,
    0.9487137752618933,
    0.9486362455367289,
    0.9485648010550465,
    0.9484986624867889,
    0.9484372359204188,
    0.9483800580108572,
    0.9483267599181245,
    0.948277042706836,
    0.9482306600187,
    0.9481874055220668,
    0.9481471035964844,
    0.9481096022698153,
    0.9480747677651936,
    0.9480424802275853,
    0.9480126303361026,
    0.9479851165977023,
    0.9479598431776746,
    0.9479367181628335,
    0.9479156521810579,
    0.9478965573199051,
    0.9478793463001691,
    0.9478639318692771,
    0.9478502263855567,
    0.9478381415685466,
    0.94782758839328,
    0.9478184771083255,
    0.9478107173586322,
    0.9478042183951912,
    0.9477988893543189,
    0.9477946395901914,
    0.947791379045126,
    0.947789018643122,
    0.947787470693335,
    0.9477866492914638,
    0.9477864707084627,
    0.9477868537575209,
    0.9477877201318465,
    0.9477889947073664,
    0.9477906058060369,
    0.9477924854169333,
    0.9477945693736708,
    0.9477967974879561
  ],