{
  "config": {
    "hbar": 1.0,
    "m": 1.0,
    "L": 10.0,
    "R_inner": 7.0,
    "R_outer": 12.5,
    "N_r": 100,
    "N_z": 100,
    "dt": 0.01,
    "time_steps": 300,
    "frames_to_save": 50,
    "V_0": 2.0,
    "Gamma_0": 0.05,
    "alpha_c": 0.2,
    "D_c": 0.1,
    "kappa_c": 0.01,
    "hiv_phase": "art_controlled",
    "output_dir": "results",
    "figures_dir": "figures",
    "data_dir": "datafiles",
    "cmap_quantum": "quantum",
    "cmap_cytokine": "cytokine"
  },
  "timestamps": [
    0.0,
    0.01,
    0.06,
    0.12,
    0.18,
    0.24,
    0.3,
    0.36,
    0.42,
    0.48,
    0.54,
    0.6,
    0.66,
    0.72,
    0.78,
    0.84,
    0.9,
    0.96,
    1.02,
    1.08,
    1.1400000000000001,
    1.2,
    1.26,
    1.32,
    1.3800000000000001,
    1.44,
    1.5,
    1.56,
    1.62,
    1.68,
    1.74,
    1.8,
    1.86,
    1.92,
    1.98,
    2.04,
    2.1,
    2.16,
    2.22,
    2.2800000000000002,
    2.34,
    2.4,
    2.46,
    2.52,
    2.58,
    2.64,
    2.7,
    2.7600000000000002,
    2.82,
    2.88,
    2.94,
    3.0
  ],
  "variance_reg": [
    1.6448545369206053,
    1.7699328006067034,
    7.695014956860664,
    8.416261677487684,
    28.30605579567378,
    28.047675953838482,
    27.691245796957773,
    27.36487404678012,
    27.066561347729404,
    26.790577584395425,
    26.532745673941072,
    26.290036654452383,
    26.06017991155069,
    25.841424427220684,
    25.63238907660665,
    25.4319645875388,
    25.23924687849668,
    25.053490282382192,
    24.87407383236009,
    24.700476392304033,
    24.532257934605525,
    24.369045188780156,
    24.210520460289345,
    24.05641278971718,
    23.90649086711238,
    23.76055728143173,
    23.618443798715376,
    23.48000744232903,
    23.345127205397667,
    23.213701266615722,
    23.085644610699543,
    22.96088697704534,
    22.83937107685729,
    22.72105103163362,
    22.605890995511466,
    22.49386393133901,
    22.384950516015028,
    22.279138155018053,
    22.176420089435585,
    22.076794581426114,
    21.980264166071088,
    21.886834959132436,
    21.796516011426917,
    21.709318701440726,
    21.625256158504197,
    21.544342709378988,
    21.466593341525183,
    21.3920231766515,
    21.320646948444203,
    21.25247847864943,
    21.187530145980507,
    21.125812342665018
  ],
  "variance_fib": [
    2.5494246786955874,
    8.453542448539944,
    17.909760867666026,
    21.032402241971454,
    21.851402888667614,
    20.70177973441927,
    19.669038168082157,
    18.86745960240817,
    18.242049095252334,
    17.744817642278537,
    17.3416460182871,
    17.008638814794494,
    16.72888682160946,
    16.49023126558654,
    16.283779869231076,
    16.102922446116647,
    15.942670303723865,
    15.799205980678172,
    15.669571223048088,
    15.551447214926373,
    15.44299738478166,
    15.342753346068516,
    15.249531033436806,
    15.162368286763016,
    15.08047787775781,
    15.003211796257293,
    14.930033842292207,
    14.860498410659318,
    14.794233937467055,
    14.730929887244375,
    14.67032644987318,
    14.612206325472929,
    14.55638812708777,
    14.502721042396534,
    14.451080478262396,
    14.40136447382892,
    14.353490714731416,
    14.30739401685969,
    14.263024175867557,
    14.220344100355089,
    14.179328163858337,
    14.139960724563405,
    14.102234772814729,
    14.066150675596038,
    14.031714994652555,
    13.99893936110989,
    13.967839394561823,
    13.938433658821147,
    13.910742649990752,
    13.884787815323401,
    13.860590603588014,
    13.838171549423336
  ],
  "coherence_reg": [
    0.9496114772788062,
    0.9496183835405102,
    0.9500401355877071,
    0.9500526537555137,
    0.9500704487867836,
    0.9500747160371417,
    0.9500735354975243,
    0.9500720768581965,
    0.9500706492309339,
    0.9500692655753359,
    0.9500679238715254,
    0.9500666219317655,
    0.9500653578619083,
    0.9500641299389531,
    0.9500629365399166,
    0.9500617761119176,
    0.9500606471623481,
    0.950059548257894,
    0.9500584780268225,
    0.9500574351618506,
    0.9500564184224005,
    0.9500554266357919,
    0.9500544586973105,
    0.950053513569256,
    0.9500525902791426,
    0.9500516879172417,
    0.9500508056336449,
    0.9500499426350016,
    0.9500490981810568,
    0.9500482715811002,
    0.9500474621904006,
    0.9500466694066951,
    0.9500458926667781,
    0.9500451314432197,
    0.9500443852412447,
    0.9500436535957819,
    0.950042936068691,
    0.950042232246175,
    0.9500415417363739,
    0.9500408641671316,
    0.9500401991839352,
    0.9500395464480146,
    0.9500389056345894,
    0.9500382764312556,
    0.9500376585364926,
    0.9500370516582873,
    0.9500364555128504,
    0.9500358698234207,
    0.9500352943191359,
    0.9500347287339638,
    0.9500341728056777,
    0.9500336262748647
  ],
  "coherence_fib": [
    0.9499579459697716,
    0.9499577608843062,
    0.9499501156354635,
    0.9500143151587837,
    0.9500702264099005,
    0.9500749209548343,
    0.9500740298982674,
    0.9500728522092965,
    0.9500716986513932,
    0.9500705823232887,
    0.9500695014216328,
    0.9500684540283144,
    0.9500674385918547,
    0.9500664537967676,
    0.9500654984701015,
    0.9500645715263114,
    0.9500636719342069,
    0.9500627986964885,
    0.9500619508366069,
    0.9500611273900024,
    0.9500603273980321,
    0.950059549903625,
    0.9500587939481016,
    0.9500580585688405,
    0.9500573427976194,
    0.9500566456595355,
    0.9500559661724611,
    0.9500553033470198,
    0.9500546561870712,
    0.9500540236907188,
    0.9500534048518283,
    0.9500527986620562,
    0.9500522041133758,
    0.9500516202010778,
    0.9500510459272109,
    0.9500504803044169,
    0.9500499223601067,
    0.9500493711409118,
    0.9500488257173305,
    0.9500482851884914,
    0.9500477486869353,
    0.9500472153833336,
    0.9500466844910349,
    0.9500461552703524,
    0.9500456270324985,
    0.950045099143082,
    0.9500445710250903,
    0.9500440421612916,
    0.9500435120960031,
    0.9500429804361873,
    0.9500424468518489,
    0.9500419110757291
  ],