condition,NAA_pred,Cho_pred,NAA_obs,Cho_obs
healthy,1.120797908694342,0.2345780970156234,1.105,0.225
acute_HIV,1.2172079320340419,0.2460233395546818,1.135,0.245
chronic_HIV,0.8444012098161496,0.2359515261203104,1.005,0.235
