condition,NAA_pred,Cho_pred,NAA_obs,Cho_obs,error_NAA_%,error_Cho_%
healthy,1.0735324132656339,0.23022426095380133,1.105,0.225,-2.847745405824988,2.3218937572450327
acute_HIV,1.1416826556988346,0.24328491333830457,1.135,0.245,0.5887802377827875,-0.7000353721205818
chronic_HIV,0.9392499999999999,0.23179153923994167,1.005,0.235,-6.542288557213928,-1.365302451088646
